Entity,Code,Year,Annual CO₂ emissions,Annual CO₂ emissions
Africa,,1923,0.7869657589624937,29044528
Africa,,1924,0.8272450426465044,30631040
Africa,,1925,0.8604043955002586,32184576
Africa,,1926,0.9364732098955145,34437936
Africa,,1927,0.8432879796908742,33840704
Africa,,1928,0.8700602416559996,34770320
Africa,,1929,0.8348845919878245,35801616
Africa,,1930,0.8513100962770054,33695670
Africa,,1931,0.8324680669358312,29463712
Africa,,1932,0.8338915846233229,26622752
Africa,,1933,0.847273692599184,28491132
Africa,,1934,0.8899785297036708,32539280
Africa,,1935,0.9361823530436829,35909544
Africa,,1936,0.927200397702369,39015950
Africa,,1937,0.9305517674695446,41844264
Africa,,1938,1.0405939854119675,44013164
Africa,,1939,1.048132413386336,46852930
Africa,,1940,1.016429975582322,49649184
Africa,,1941,1.0806651820581183,54023456
Africa,,1942,1.1805841123686538,58822884
Africa,,1943,1.1845594673516189,60119628
Africa,,1944,1.2907134602942325,66632910
Africa,,1945,1.5743123630493292,67527180
Africa,,1946,1.4789774047398905,68159370
Africa,,1947,1.3152379569364956,67934744
Africa,,1948,1.3167153907129663,71733140
Africa,,1949,1.485837991260574,77323530
Africa,,1950,1.5997318367302955,94868000
Africa,,1951,1.5846806986430848,101125270
Africa,,1952,1.7058505550341865,110325210
Africa,,1953,1.6840917069641683,112007010
Africa,,1954,1.7311381971224356,117536136
Africa,,1955,1.738370645162999,129402500
Africa,,1956,1.7045930008778727,135106260
Africa,,1957,1.7297735538455794,141593120
Africa,,1958,1.7662779424224497,148670930
Africa,,1959,1.6696379331931188,147841250
Africa,,1960,1.6679133827530401,156567200
Africa,,1961,1.720590691460668,161994340
Africa,,1962,1.7064738729117308,166334910
Africa,,1963,1.7175298575239077,176334880
Africa,,1964,1.788904341500462,193639340
Africa,,1965,1.8888065100460745,213634400
Africa,,1966,1.863692486335487,221082100
Africa,,1967,1.9370716019753886,237045200
Africa,,1968,1.9935547400516858,257271420
Africa,,1969,2.0180459589109954,277716580
Africa,,1970,2.029706342043558,302405900
Africa,,1971,2.138923675451395,331612900
Africa,,1972,2.167639536012199,351688000
Africa,,1973,2.211408010875837,377821120
Africa,,1974,2.281944733927639,388183260
Africa,,1975,2.269528852884307,387017150
Africa,,1976,2.334271421884828,419914700
Africa,,1977,2.3402745444571855,432918820
Africa,,1978,2.424519515805153,462338660
Africa,,1979,2.544679830743118,498986780
Africa,,1980,2.750456881948904,536023460
Africa,,1981,2.885375862588825,548882300
Africa,,1982,3.030926464024611,571969100
Africa,,1983,3.131919768543644,594811400
Africa,,1984,3.3061778426232604,649591230
Africa,,1985,3.279564678119337,666141950
Africa,,1986,3.347938673227095,690176300
Africa,,1987,3.2483803401441285,690283140
Africa,,1988,3.2844429146001075,725373250
Africa,,1989,3.1205362461102446,698582900
Africa,,1990,2.8964959193302553,658343900
Africa,,1991,2.9658752791734635,687670400
Africa,,1992,2.9592302057591606,666660030
Africa,,1993,3.1044506392195874,706441700
Africa,,1994,3.436855217766092,790233800
Africa,,1995,3.5889280921537883,844549400
Africa,,1996,3.5958380649328068,872284300
Africa,,1997,3.663396494038533,893938400
Africa,,1998,3.7544872861343817,912482100
Africa,,1999,3.6207009944846003,899879040
Africa,,2000,3.6488858244607196,930850800
Africa,,2001,3.581231764365388,920601800
Africa,,2002,3.4250502579546285,899995840
Africa,,2003,3.5766641958112295,989644600
Africa,,2004,3.652233788331878,1045725800
Africa,,2005,3.5772220382615183,1059372350
Africa,,2006,3.5626288511520716,1091175800
Africa,,2007,3.541820530040457,1116900100
Africa,,2008,3.662617463706409,1174755200
Africa,,2009,3.7038022885531765,1168250400
Africa,,2010,3.6475371949342223,1216669000
Africa,,2011,3.644219208087028,1257421000
Africa,,2012,3.6255642160350563,1268948200
Africa,,2013,3.633092479984623,1282541800
Africa,,2014,3.8289000602296555,1357348700
Africa,,2015,3.76406066618985,1332661800
Africa,,2016,3.8827253761758707,1375131500
Africa,,2017,3.8711318854890346,1393216400
Africa,,2018,3.7752197016685014,1386654300
Africa,,2019,3.9871732565203084,1479411800
Africa,,2020,3.859711053013067,1355782400
Africa,,2021,3.8969081638281815,1441534000
Africa,,2022,3.8411250547937725,1432502900
Africa,,2023,3.754115676284034,1418739200
Asia (excl. China and India),,1923,3.108398357987915,114721590
Asia (excl. China and India),,1924,3.3436338903575913,123807310
Asia (excl. China and India),,1925,3.4594795826581906,129406456
Asia (excl. China and India),,1926,3.676869920470119,135213490
Asia (excl. China and India),,1927,3.7156740663594308,149108050
Asia (excl. China and India),,1928,4.022193675745302,160739400
Asia (excl. China and India),,1929,3.9262504917055896,168365920
Asia (excl. China and India),,1930,4.193323867768502,165975780
Asia (excl. China and India),,1931,4.462273622493129,157934160
Asia (excl. China and India),,1932,5.0861461318961005,162379870
Asia (excl. China and India),,1933,5.456906790555439,183498500
Asia (excl. China and India),,1934,5.678889662111541,207630830
Asia (excl. China and India),,1935,5.820028650109125,223241310
Asia (excl. China and India),,1936,5.89369856254381,248002750
Asia (excl. China and India),,1937,5.99250920071362,269466080
Asia (excl. China and India),,1938,6.6906811274392295,282990340
Asia (excl. China and India),,1939,6.601917935253812,295114620
Asia (excl. China and India),,1940,6.7293959990199514,328708350
Asia (excl. China and India),,1941,6.217822082050445,310834700
Asia (excl. China and India),,1942,5.343827794862212,266257490
Asia (excl. China and India),,1943,5.605062316745083,284472220
Asia (excl. China and India),,1944,5.614935591879858,289870300
Asia (excl. China and India),,1945,5.113660293619834,219340880
Asia (excl. China and India),,1946,4.932078072640629,227297140
Asia (excl. China and India),,1947,5.525219219571837,285388930
Asia (excl. China and India),,1948,5.366999139544976,292387940
Asia (excl. China and India),,1949,5.080463850679745,264389120
Asia (excl. China and India),,1950,4.395783773360239,260680700
Asia (excl. China and India),,1951,4.526630484434073,288863700
Asia (excl. China and India),,1952,4.781583163020103,309247000
Asia (excl. China and India),,1953,5.079719135958799,337846300
Asia (excl. China and India),,1954,5.2851281944476565,358835330
Asia (excl. China and India),,1955,5.4484273981441715,405575260
Asia (excl. China and India),,1956,5.701698817827286,451917380
Asia (excl. China and India),,1957,6.06249181936779,496254050
Asia (excl. China and India),,1958,6.150132056767355,517668160
Asia (excl. China and India),,1959,6.2366480244671125,552235800
Asia (excl. China and India),,1960,6.695676089237051,628523800
Asia (excl. China and India),,1961,7.461217737897987,702476800
Asia (excl. China and India),,1962,7.698653397926807,750409860
Asia (excl. China and India),,1963,8.025088843111698,823917600
Asia (excl. China and India),,1964,8.381871312575793,907292800
Asia (excl. China and India),,1965,8.804920379754309,995884900
Asia (excl. China and India),,1966,9.173639862109397,1088230800
Asia (excl. China and India),,1967,9.849533157598334,1205316600
Asia (excl. China and India),,1968,10.433192200112492,1346420100
Asia (excl. China and India),,1969,10.931204779632509,1504315000
Asia (excl. China and India),,1970,11.464363853674655,1708075300
Asia (excl. China and India),,1971,11.946932692462251,1852219900
Asia (excl. China and India),,1972,12.064763569988044,1957443800
Asia (excl. China and India),,1973,12.491453650666632,2134176500
Asia (excl. China and India),,1974,12.740207139372247,2167245800
Asia (excl. China and India),,1975,12.66934786111152,2160472600
Asia (excl. China and India),,1976,12.96786635490164,2332804000
Asia (excl. China and India),,1977,13.23751426489797,2448759300
Asia (excl. China and India),,1978,12.979303304007106,2475061000
Asia (excl. China and India),,1979,13.275706710835891,2603236000
Asia (excl. China and India),,1980,13.409835188353034,2613379000
Asia (excl. China and India),,1981,13.571191379170596,2581634800
Asia (excl. China and India),,1982,13.728100055974009,2590643200
Asia (excl. China and India),,1983,13.998216752339669,2658528800
Asia (excl. China and India),,1984,14.1123892513445,2772774100
Asia (excl. China and India),,1985,14.150537738992659,2874243300
Asia (excl. China and India),,1986,14.38146690118345,2964734000
Asia (excl. China and India),,1987,14.19974243992362,3017455400
Asia (excl. China and India),,1988,14.815770027978884,3272081000
Asia (excl. China and India),,1989,15.194082435424585,3401443000
Asia (excl. China and India),,1990,15.493248787749021,3521457000
Asia (excl. China and India),,1991,17.85414173461644,4139676700
Asia (excl. China and India),,1992,16.97262932484938,3823620600
Asia (excl. China and India),,1993,17.32290362185344,3941960400
Asia (excl. China and India),,1994,17.735684657768505,4077954000
Asia (excl. China and India),,1995,17.60772463013943,4143463700
Asia (excl. China and India),,1996,17.612938371353604,4272575500
Asia (excl. China and India),,1997,17.825051542018382,4349651500
Asia (excl. China and India),,1998,17.448730483929573,4240700000
Asia (excl. China and India),,1999,17.91925532196961,4453602300
Asia (excl. China and India),,2000,18.42832402912282,4701166600
Asia (excl. China and India),,2001,18.643583027029305,4792573400
Asia (excl. China and India),,2002,18.668172778335695,4905410600
Asia (excl. China and India),,2003,18.567001911166326,5137394000
Asia (excl. China and India),,2004,18.680183713423503,5348603400
Asia (excl. China and India),,2005,18.49075973133262,5475925000
Asia (excl. China and India),,2006,18.340873622885223,5617514000
Asia (excl. China and India),,2007,18.26590158580708,5760085000
Asia (excl. China and India),,2008,18.29343289138739,5867472000
Asia (excl. China and India),,2009,18.67625709579399,5890850300
Asia (excl. China and India),,2010,18.756358773124248,6256353000
Asia (excl. China and India),,2011,18.810208986203737,6490375700
Asia (excl. China and India),,2012,19.28698327560212,6750448000
Asia (excl. China and India),,2013,19.094243198237024,6740584000
Asia (excl. China and India),,2014,19.18596563458496,6801443000
Asia (excl. China and India),,2015,19.629521051324513,6949811700
Asia (excl. China and India),,2016,19.977418387717666,7075333600
Asia (excl. China and India),,2017,20.296173357599297,7304572000
Asia (excl. China and India),,2018,20.172576781531394,7409473500
Asia (excl. China and India),,2019,20.381133821620406,7562272300
Asia (excl. China and India),,2020,20.80366995405762,7307606500
Asia (excl. China and India),,2021,20.324166987855744,7518262300
Asia (excl. China and India),,2022,20.470008731115648,7634051600
Asia (excl. China and India),,2023,20.203961594918262,7635394000
China,CHN,1923,1.2604000231169292,46517556
China,CHN,1924,1.3191743029846437,48846084
China,CHN,1925,1.2285309065594372,45954840
China,CHN,1926,1.1872539029529698,43660164
China,CHN,1927,1.1415195405127443,45808580
China,CHN,1928,1.190884158310823,47591444
China,CHN,1929,1.1259199660207049,48281828
China,CHN,1930,1.2520782031845556,49558456
China,CHN,1931,1.4665148768478853,51904660
China,CHN,1932,1.5745562724382332,50269150
China,CHN,1933,1.609166644887929,54111180
China,CHN,1934,1.7062208981419085,62382628
China,CHN,1935,1.8939219928200925,72645970
China,CHN,1936,1.7936904321817393,75477250
China,CHN,1937,1.5782331048391123,70968650
China,CHN,1938,1.4508520910625238,61365520
China,CHN,1939,1.6649831856786903,74426990
China,CHN,1940,1.858685455757059,90790530
China,CHN,1941,2.2799850513038997,113978570
China,CHN,1942,2.561219774195365,127613384
China,CHN,1943,2.14756009878562,108994540
China,CHN,1944,1.9952316994313952,103003570
China,CHN,1945,1.3030574829446357,55892210
China,CHN,1946,0.7834801158199299,36107050
China,CHN,1947,0.8099607181673839,41836136
China,CHN,1948,0.7048626052307,38400104
China,CHN,1949,1.1929416171150853,62081100
China,CHN,1950,1.3293768527940455,78835290
China,CHN,1951,1.600193525563742,102115210
China,CHN,1952,1.979128144188477,127999330
China,CHN,1953,2.011504804402711,133782880
China,CHN,1954,2.369492665589627,160877400
China,CHN,1955,2.559432107861877,190521460
China,CHN,1956,2.7229829745091454,215823980
China,CHN,1957,3.124799137694327,255784960
China,CHN,1958,6.232688134099349,524617060
China,CHN,1959,8.132996342548653,720151550
China,CHN,1960,8.50963107258944,798799940
China,CHN,1961,6.060835276012354,570630200
China,CHN,1962,4.715343550177493,459618080
China,CHN,1963,4.449104799082561,456779460
China,CHN,1964,4.2555180576745535,460637100
China,CHN,1965,4.4231834973361925,500286370
China,CHN,1966,4.631867954978973,549459260
China,CHN,1967,3.7608461229485557,460225900
China,CHN,1968,3.839600416613338,495506560
China,CHN,1969,4.415771027652357,607683300
China,CHN,1970,5.422865749242444,807952640
China,CHN,1971,5.864458690479352,909209700
China,CHN,1972,5.970276022824412,968645570
China,CHN,1973,5.901592618609637,1008292600
China,CHN,1974,6.043709911241016,1028099840
China,CHN,1975,6.938557068247506,1183215000
China,CHN,1976,6.817574994049261,1226421200
China,CHN,1977,7.248270915425961,1340831100
China,CHN,1978,7.828177620518763,1492777900
China,CHN,1979,7.780405092470271,1525661200
China,CHN,1980,7.668594455174445,1494495900
China,CHN,1981,7.761631700506423,1476487800
China,CHN,1982,8.513468635289879,1606585000
China,CHN,1983,8.920728634519705,1694216800
China,CHN,1984,9.389488612786511,1844828000
China,CHN,1985,9.837006107708303,1998083000
China,CHN,1986,10.207214328545728,2104213400
China,CHN,1987,10.624616090994913,2257738500
China,CHN,1988,10.984288497120271,2425893600
China,CHN,1989,11.005025821687,2463654400
China,CHN,1990,10.932541166293479,2484854800
China,CHN,1991,11.23991376994033,2606096100
China,CHN,1992,12.121664398317932,2730787600
China,CHN,1993,12.839164667836776,2921651000
China,CHN,1994,13.49866530226132,3103739000
China,CHN,1995,14.285337796609156,3361637000
China,CHN,1996,14.464483708452638,3508818200
China,CHN,1997,14.407050269618354,3515594200
China,CHN,1998,13.843889093097458,3364587500
China,CHN,1999,14.3128432926661,3557274600
China,CHN,2000,14.304774563331101,3649226500
China,CHN,2001,14.504270327718741,3728509700
China,CHN,2002,15.614672319729621,4103046400
China,CHN,2003,17.49623644888499,4841118700
China,CHN,2004,18.221780133747405,5217351000
China,CHN,2005,19.862327580551938,5882106400
China,CHN,2006,21.203630846609663,6494330400
China,CHN,2007,22.14564360217235,6983547400
China,CHN,2008,23.38794926374999,7501497300
China,CHN,2009,25.017746842245142,7891078000
China,CHN,2010,25.84422846456783,8620576000
China,CHN,2011,27.62631399687347,9532332000
China,CHN,2012,27.940818335498562,9779292000
China,CHN,2013,28.203575133498823,9956329000
China,CHN,2014,28.181185592920773,9990257000
China,CHN,2015,27.85901908973075,9863457000
China,CHN,2016,27.565318217310445,9762714000
China,CHN,2017,27.803199448728854,10006343000
China,CHN,2018,28.131971141475358,10332993000
China,CHN,2019,28.875334423847693,10713984000
China,CHN,2020,31.04688762213408,10905693000
China,CHN,2021,30.947217081591393,11447913000
China,CHN,2022,30.435425922829754,11350538000
China,CHN,2023,31.495128279614566,11902503000
Europe (excl. EU-27),,1923,14.184361535884577,523501920
Europe (excl. EU-27),,1924,14.951467102894203,553619500
Europe (excl. EU-27),,1925,14.07327193426998,526429540
Europe (excl. EU-27),,1926,9.388132007760573,345239870
Europe (excl. EU-27),,1927,14.590145977468742,585494900
Europe (excl. EU-27),,1928,14.225736883370523,568504800
Europe (excl. EU-27),,1929,14.042707974070783,602181000
Europe (excl. EU-27),,1930,15.606392970724329,617716000
Europe (excl. EU-27),,1931,17.341942323952132,613786900
Europe (excl. EU-27),,1932,19.34385393552875,617570240
Europe (excl. EU-27),,1933,18.90496726040005,635714200
Europe (excl. EU-27),,1934,19.447319976551814,711030400
Europe (excl. EU-27),,1935,19.533627666719642,749259650
Europe (excl. EU-27),,1936,19.38706604358796,815794300
Europe (excl. EU-27),,1937,18.695927981415746,840702660
Europe (excl. EU-27),,1938,19.81058438976821,837912300
Europe (excl. EU-27),,1939,18.95717399502253,847411200
Europe (excl. EU-27),,1940,19.1072936832219,933327000
Europe (excl. EU-27),,1941,17.453474535015157,872515400
Europe (excl. EU-27),,1942,14.059161433387064,700501060
Europe (excl. EU-27),,1943,13.938248170329986,707404160
Europe (excl. EU-27),,1944,15.42092822506874,796103360
Europe (excl. EU-27),,1945,18.10891151509455,776747840
Europe (excl. EU-27),,1946,18.186809973958212,838147700
Europe (excl. EU-27),,1947,18.22871616930814,941550660
Europe (excl. EU-27),,1948,18.160256753438286,989349900
Europe (excl. EU-27),,1949,20.27040532659286,1054879000
Europe (excl. EU-27),,1950,18.642718827888835,1105558700
Europe (excl. EU-27),,1951,18.811522363636996,1200443900
Europe (excl. EU-27),,1952,18.9743966630713,1227161600
Europe (excl. EU-27),,1953,19.193121172381066,1276512500
Europe (excl. EU-27),,1954,20.01129135408903,1358672500
Europe (excl. EU-27),,1955,20.02089676743343,1490334700
Europe (excl. EU-27),,1956,19.911202937109856,1578164500
Europe (excl. EU-27),,1957,20.363100629313156,1666851100
Europe (excl. EU-27),,1958,20.444039720403925,1720813200
Europe (excl. EU-27),,1959,20.018344596411676,1772562200
Europe (excl. EU-27),,1960,19.867487652781655,1864963100
Europe (excl. EU-27),,1961,20.288737488059557,1910193200
Europe (excl. EU-27),,1962,20.336953780111216,1982301300
Europe (excl. EU-27),,1963,20.425130066583574,2097001600
Europe (excl. EU-27),,1964,20.28364101427003,2195595800
Europe (excl. EU-27),,1965,20.37995279584001,2305084700
Europe (excl. EU-27),,1966,20.190203549597175,2395080000
Europe (excl. EU-27),,1967,19.998962614025817,2447332400
Europe (excl. EU-27),,1968,19.523612160370813,2519553300
Europe (excl. EU-27),,1969,19.045686426092487,2621002200
Europe (excl. EU-27),,1970,18.547655800554917,2763414800
Europe (excl. EU-27),,1971,18.693665656699014,2898215000
Europe (excl. EU-27),,1972,18.471650682623057,2996927200
Europe (excl. EU-27),,1973,18.239951991870942,3116312800
Europe (excl. EU-27),,1974,18.53908039257561,3153696300
Europe (excl. EU-27),,1975,19.15158447536115,3265872400
Europe (excl. EU-27),,1976,18.704640361019088,3364798700
Europe (excl. EU-27),,1977,18.70149342146908,3459520800
Europe (excl. EU-27),,1978,18.676536889016127,3561483000
Europe (excl. EU-27),,1979,18.519828516551087,3631556900
Europe (excl. EU-27),,1980,18.837553980061777,3671161300
Europe (excl. EU-27),,1981,18.94357544559804,3603618300
Europe (excl. EU-27),,1982,19.265437661295497,3635599600
Europe (excl. EU-27),,1983,19.4029821071419,3684997000
Europe (excl. EU-27),,1984,18.836024323251735,3700864500
Europe (excl. EU-27),,1985,19.53516455570815,3967963400
Europe (excl. EU-27),,1986,19.388676606291213,3996968400
Europe (excl. EU-27),,1987,18.751868331962093,3984785400
Europe (excl. EU-27),,1988,18.41085214850268,4066059300
Europe (excl. EU-27),,1989,17.840065340893524,3993789400
Europe (excl. EU-27),,1990,18.338535187854667,4168161500
Europe (excl. EU-27),,1991,16.967823544160165,3934174200
Europe (excl. EU-27),,1992,15.177120273554413,3419125500
Europe (excl. EU-27),,1993,14.054164113449952,3198133500
Europe (excl. EU-27),,1994,12.424965807395367,2856864000
Europe (excl. EU-27),,1995,11.846364615133156,2787695900
Europe (excl. EU-27),,1996,11.34151036377644,2751242200
Europe (excl. EU-27),,1997,10.704938759692283,2612208600
Europe (excl. EU-27),,1998,10.677917815896794,2595137000
Europe (excl. EU-27),,1999,10.33008042285262,2567409700
Europe (excl. EU-27),,2000,10.011891225940355,2554088400
Europe (excl. EU-27),,2001,10.2076031404324,2623996000
Europe (excl. EU-27),,2002,9.860756137790169,2591097600
Europe (excl. EU-27),,2003,9.58930533484868,2653311500
Europe (excl. EU-27),,2004,9.343336421576996,2675230700
Europe (excl. EU-27),,2005,9.072234963602847,2686686700
Europe (excl. EU-27),,2006,9.06841381355281,2777509000
Europe (excl. EU-27),,2007,8.78857798681762,2771445800
Europe (excl. EU-27),,2008,8.669331174703563,2780618500
Europe (excl. EU-27),,2009,8.123639591031862,2562352000
Europe (excl. EU-27),,2010,8.07214522292966,2692537000
Europe (excl. EU-27),,2011,7.878044920210837,2718283000
Europe (excl. EU-27),,2012,7.831380672257548,2740984800
Europe (excl. EU-27),,2013,7.552938648650478,2666312400
Europe (excl. EU-27),,2014,7.2570181171337955,2572619800
Europe (excl. EU-27),,2015,7.122539301727865,2521727700
Europe (excl. EU-27),,2016,7.083614222592339,2508779300
Europe (excl. EU-27),,2017,6.9983550128226595,2518700800
Europe (excl. EU-27),,2018,6.989157873803903,2567147500
Europe (excl. EU-27),,2019,6.824544826406152,2532198000
Europe (excl. EU-27),,2020,6.829378776625801,2398923500
Europe (excl. EU-27),,2021,6.766092203655783,2502895000
Europe (excl. EU-27),,2022,6.673467332855175,2488792000
Europe (excl. EU-27),,2023,6.569188033043848,2482599200
European Union (27),,1923,22.31028638165343,823405250
European Union (27),,1924,27.01216338407192,1000200200
European Union (27),,1925,27.047457877062705,1011746300
European Union (27),,1926,26.593250859351187,977942200
European Union (27),,1927,27.39583801463885,1099380600
European Union (27),,1928,28.155891223970738,1125197200
European Union (27),,1929,28.817254873329624,1235744800
European Union (27),,1930,28.38211677912206,1123391400
European Union (27),,1931,28.586089691174966,1011753300
European Union (27),,1932,28.008287153508626,894190200
European Union (27),,1933,27.414383821231446,921858940
European Union (27),,1934,27.174003375764897,993532400
European Union (27),,1935,27.11425783633777,1040033100
European Union (27),,1936,25.75851605996513,1083900500
European Union (27),,1937,27.129260136140633,1219925600
European Union (27),,1938,29.136802008764054,1232375800
European Union (27),,1939,28.390263481442275,1269083000
European Union (27),,1940,27.032412786277874,1320442400
European Union (27),,1941,26.03256301501664,1301392000
European Union (27),,1942,26.50613346758048,1320674400
European Union (27),,1943,26.238536799133037,1331677400
European Union (27),,1944,22.115325011579827,1141700700
European Union (27),,1945,11.49249740918632,492949150
European Union (27),,1946,18.394534227043202,847720770
European Union (27),,1947,19.18274035062729,990827970
European Union (27),,1948,20.108585332137462,1095492600
European Union (27),,1949,23.27522366845853,1211250800
European Union (27),,1950,21.546655028391033,1277769200
European Union (27),,1951,22.405100045080516,1429765500
European Union (27),,1952,22.989198175461716,1486817300
European Union (27),,1953,22.77897455142932,1515003500
European Union (27),,1954,23.73312959848489,1611367800
European Union (27),,1955,23.420064430584578,1743365200
European Union (27),,1956,23.556509929259157,1867092000
European Union (27),,1957,23.53348127052754,1926367200
European Union (27),,1958,22.7021989347778,1910886700
European Union (27),,1959,21.91618082668077,1940609700
European Union (27),,1960,22.37110269145101,2099977700
European Union (27),,1961,23.363099697998614,2199645700
European Union (27),,1962,24.156532407331223,2354606600
European Union (27),,1963,24.47603513233456,2512898800
European Union (27),,1964,24.428257525969773,2644228400
European Union (27),,1965,23.66927920546037,2677125600
European Union (27),,1966,23.25512244177513,2758658600
European Union (27),,1967,23.047169321155156,2820350500
European Union (27),,1968,23.196848419221023,2993590300
European Union (27),,1969,23.197051083433404,3192298800
European Union (27),,1970,22.362489615106753,3331786800
European Union (27),,1971,22.096556973883207,3425790000
European Union (27),,1972,21.917521898724672,3556001500
European Union (27),,1973,21.827665516885368,3729277000
European Union (27),,1974,21.810343381884774,3710173200
European Union (27),,1975,21.33005149217836,3637361000
European Union (27),,1976,21.752060381581995,3913002500
European Union (27),,1977,20.945549941904385,3874640600
European Union (27),,1978,21.003071320415856,4005136600
European Union (27),,1979,20.98325247676884,4114610200
European Union (27),,1980,20.930353270800076,4079017000
European Union (27),,1981,20.317191643521394,3864920000
European Union (27),,1982,19.99333913687838,3772962600
European Union (27),,1983,19.640235752332305,3730056000
European Union (27),,1984,19.163330678345748,3765173000
European Union (27),,1985,18.822273153795837,3823161600
European Union (27),,1986,18.474290268947005,3808468000
European Union (27),,1987,18.07556660274461,3841070800
European Union (27),,1988,17.21845261899805,3802716400
European Union (27),,1989,17.1517330606121,3839695000
European Union (27),,1990,17.02719901964089,3870108200
European Union (27),,1991,16.408108986659233,3804398300
European Union (27),,1992,16.32404720032601,3677507000
European Union (27),,1993,15.85474246957751,3607869000
European Union (27),,1994,15.609984509635726,3589193200
European Union (27),,1995,15.44924132600562,3635527700
European Union (27),,1996,15.336304835473836,3720306000
European Union (27),,1997,14.97387085375809,3653909200
European Union (27),,1998,14.994784429336859,3644298500
European Union (27),,1999,14.440336861515236,3588961500
European Union (27),,2000,14.112638359885885,3600211500
European Union (27),,2001,14.225783226770618,3656921000
European Union (27),,2002,13.919672188355502,3657653500
European Union (27),,2003,13.503835582449378,3736441900
European Union (27),,2004,13.075385108579967,3743809500
European Union (27),,2005,12.61374918767901,3735484400
European Union (27),,2006,12.251662272004593,3752486700
European Union (27),,2007,11.740906319681761,3702451700
European Union (27),,2008,11.304804347439063,3625925400
European Union (27),,2009,10.559124717768222,3330550800
European Union (27),,2010,10.265218158594369,3424056300
European Union (27),,2011,9.641728875942903,3326834000
European Union (27),,2012,9.30735525825834,3257576200
European Union (27),,2013,8.994222886838452,3175109600
European Union (27),,2014,8.570950852778214,3038410200
European Union (27),,2015,8.741032361626461,3094753500
European Union (27),,2016,8.733976119291619,3093282300
European Union (27),,2017,8.661391699721193,3117226000
European Union (27),,2018,8.303383014128546,3049868000
European Union (27),,2019,7.82849863585375,2904707800
European Union (27),,2020,7.479793796618685,2627391700
European Union (27),,2021,7.5723506498343625,2801144000
European Union (27),,2022,7.347267143168925,2740077800
European Union (27),,2023,6.643338964218071,2510622000
India,IND,1923,1.028853945675768,37971890
India,IND,1924,1.0972291580824565,40627950
India,IND,1925,1.0716080263204393,40084930
India,IND,1926,1.0861613804064325,39942580
India,IND,1927,1.0437163176132767,41883788
India,IND,1928,1.0027485873432056,40072960
India,IND,1929,0.9726170750766887,41707876
India,IND,1930,1.0712094171701143,42399496
India,IND,1931,1.0976972910866623,38851024
India,IND,1932,1.1316661024844583,36129476
India,IND,1933,1.05473324571557,35467340
India,IND,1934,1.0833972429460021,39611030
India,IND,1935,1.0791444017224996,41393200
India,IND,1936,0.9668524292325081,40684480
India,IND,1937,1.0022267515865957,45067284
India,IND,1938,1.1911156176075852,50379656
India,IND,1939,1.1031485192189174,49312224
India,IND,1940,1.0708932154982194,52309530
India,IND,1941,1.0718164566586454,53581100
India,IND,1942,1.0743458233714942,53529536
India,IND,1943,0.9190524939436264,46644424
India,IND,1944,0.9238956202517974,47695988
India,IND,1945,1.2326925033610956,52874036
India,IND,1946,1.1332204942994746,52225000
India,IND,1947,1.0295869049938686,53180280
India,IND,1948,0.9766006476884173,53204080
India,IND,1949,1.0796975683711094,56187840
India,IND,1950,1.0303549198646866,61102560
India,IND,1951,1.0032567676851554,64022116
India,IND,1952,1.042544295567738,67426140
India,IND,1953,1.0330177042207693,68704824
India,IND,1954,1.066548508098496,72413624
India,IND,1955,1.0584207756012027,78787740
India,IND,1956,1.0302326241514932,81656370
India,IND,1957,1.119464032061611,91635350
India,IND,1958,1.1383348837268583,95815784
India,IND,1959,1.145689628814375,101447256
India,IND,1960,1.185947891580429,111325050
India,IND,1961,1.2788500275634134,120404270
India,IND,1962,1.3601891561206065,132581544
India,IND,1963,1.3874286441758747,142444140
India,IND,1964,1.2886388261362005,139488270
India,IND,1965,1.3589254580662624,153701940
India,IND,1966,1.3434963276756247,159373390
India,IND,1967,1.3038485818396524,159555820
India,IND,1968,1.3488351637314442,174069330
India,IND,1969,1.2891859542733157,177413360
India,IND,1970,1.2196970856087739,181722640
India,IND,1971,1.2381775859104862,191963680
India,IND,1972,1.251418352292322,203035980
India,IND,1973,1.223844888529269,209095040
India,IND,1974,1.268898167846122,215853180
India,IND,1975,1.3734387622063853,234209120
India,IND,1976,1.3605417558804924,244749380
India,IND,1977,1.39989650879025,258961730
India,IND,1978,1.3799652143317072,263149570
India,IND,1979,1.4089675991418178,276284740
India,IND,1980,1.4968352365321567,291711100
India,IND,1981,1.6557207497924549,314966180
India,IND,1982,1.7242240059197742,325380000
India,IND,1983,1.854467719975336,352198850
India,IND,1984,1.8402032235608092,361559460
India,IND,1985,1.9574341586793795,397592100
India,IND,1986,2.06796098339144,426309380
India,IND,1987,2.142783581759597,455343040
India,IND,1988,2.2263501322614565,491692160
India,IND,1989,2.4150624844229287,540651100
India,IND,1990,2.542991672572967,577996000
India,IND,1991,2.654027047214157,615365000
India,IND,1992,2.909456982209407,655447040
India,IND,1993,2.9763844923791356,677299260
India,IND,1994,3.10557924836494,714063740
India,IND,1995,3.231595578555926,760461630
India,IND,1996,3.3952309632611795,823620700
India,IND,1997,3.5161653441957457,858011200
India,IND,1998,3.6034418139523283,875772350
India,IND,1999,3.8656699152832235,960762940
India,IND,2000,3.8668109673907005,986444700
India,IND,2001,3.892147505181588,1000526700
India,IND,2002,3.9279411427448805,1032139800
India,IND,2003,3.8588969771333335,1067736960
India,IND,2004,3.9599323941928573,1133827600
India,IND,2005,4.033824613243605,1194592400
India,IND,2006,4.219890988812018,1292484600
India,IND,2007,4.415798994918629,1392506000
India,IND,2008,4.6437244392171815,1489437400
India,IND,2009,5.11134464116831,1612216300
India,IND,2010,5.028606650984633,1677337200
India,IND,2011,5.114435678129567,1764712400
India,IND,2012,5.501996002003425,1925699700
India,IND,2013,5.651570891445105,1995098100
India,IND,2014,6.060191979565757,2148343800
India,IND,2015,6.310481578735396,2234219500
India,IND,2016,6.648448071195753,2354658000
India,IND,2017,6.742466537879192,2426606800
India,IND,2018,7.059699662796402,2593057800
India,IND,2019,7.042013018878744,2612888000
India,IND,2020,6.893798754022694,2421552000
India,IND,2021,7.229241047597417,2674221800
India,IND,2022,7.591512327901938,2831166200
India,IND,2023,8.103195013797228,3062324500
International aviation,,1950,0.0592101951753765,3511309
International aviation,,1951,0.06097093834065799,3890817
International aviation,,1952,0.06393568281288281,4135015
International aviation,,1953,0.07292544804130675,4850188
International aviation,,1954,0.08444186192604913,5733205
International aviation,,1955,0.08815910577078585,6562472
International aviation,,1956,0.09666907134062673,7662003
International aviation,,1957,0.10291406656506229,8424180
International aviation,,1958,0.11382241103864672,9580646
International aviation,,1959,0.12441711654133984,11016749
International aviation,,1960,0.15625298820516745,14667484
International aviation,,1961,0.1934436572698542,18212802
International aviation,,1962,0.21988858521415178,21433172
International aviation,,1963,0.22606491384626323,23209570
International aviation,,1964,0.24825599995267608,26872386
International aviation,,1965,0.2754121655315649,31150630
International aviation,,1966,0.3129358811338053,37122284
International aviation,,1967,0.3783482658278662,46299600
International aviation,,1968,0.41438095961723126,53476524
International aviation,,1969,0.3778231125159778,51994724
International aviation,,1970,0.5037872467238004,75059250
International aviation,,1971,0.5317427020142838,82439940
International aviation,,1972,0.5330629379576747,86486630
International aviation,,1973,0.5323313303639082,90949304
International aviation,,1974,0.5014859520381761,85308136
International aviation,,1975,0.48987620885627536,83537380
International aviation,,1976,0.4728948271297603,85069580
International aviation,,1977,0.5196470213509372,96127600
International aviation,,1978,0.5201494627217402,99188810
International aviation,,1979,0.5260658073107225,103156350
International aviation,,1980,0.5408526471515234,105404200
International aviation,,1981,0.5581378963204687,106174040
International aviation,,1982,0.5620042385355885,106056370
International aviation,,1983,0.5711890854043472,108479720
International aviation,,1984,0.5913537212913287,116188000
International aviation,,1985,0.5803896768485672,117888180
International aviation,,1986,0.6038772583861182,124489070
International aviation,,1987,1.0214126175157525,217050910
International aviation,,1988,1.0240018240115947,226152060
International aviation,,1989,1.0807130023088973,241935220
International aviation,,1990,0.8353991360623164,189877680
International aviation,,1991,0.8570332998123102,198712480
International aviation,,1992,0.9763884321561357,219962320
International aviation,,1993,0.9984328063899498,227201090
International aviation,,1994,1.0493362258378032,241273170
International aviation,,1995,1.0838705673112012,255057280
International aviation,,1996,1.1170490826763777,270975600
International aviation,,1997,1.1858125126207635,289360800
International aviation,,1998,1.2719244001096361,309125630
International aviation,,1999,1.2830257436565375,318879680
International aviation,,2000,1.2708860250734166,324210000
International aviation,,2001,1.2680865582538514,325978000
International aviation,,2002,1.3110519733449393,344503360
International aviation,,2003,1.2961161244960067,358628670
International aviation,,2004,1.3598268215703473,389352400
International aviation,,2005,1.3873775977881393,410863360
International aviation,,2006,1.387100082267306,424846400
International aviation,,2007,1.3949187302476929,439882500
International aviation,,2008,1.3892970648443281,445605900
International aviation,,2009,1.3569843669782649,428018940
International aviation,,2010,1.3535908422539746,451502460
International aviation,,2011,1.3623058524792373,470057340
International aviation,,2012,1.3840269242040586,484409700
International aviation,,2013,1.411833494923771,498400600
International aviation,,2014,1.4055046770189494,498252740
International aviation,,2015,1.463647107155328,518202750
International aviation,,2016,1.5258738601203004,540413500
International aviation,,2017,1.5677441122452587,564229500
International aviation,,2018,1.6493077177048716,605797760
International aviation,,2019,1.6806927784461685,623608900
International aviation,,2020,0.7691086539770108,270161150
International aviation,,2021,0.794004087698342,293715900
International aviation,,2022,1.1391996618971616,424851260
International aviation,,2023,1.3849955686028304,523411550
International shipping,,1950,2.105859078709555,124882580
International shipping,,1951,2.3393878613079604,149286370
International shipping,,1952,2.3505516756038993,152021000
International shipping,,1953,2.364384435843639,157252500
International shipping,,1954,2.311785867408941,156959380
International shipping,,1955,2.4251911106001622,180528700
International shipping,,1956,2.4421007646380124,193561220
International shipping,,1957,2.629717800877083,215259360
International shipping,,1958,2.356199085628186,198325700
International shipping,,1959,2.2852594268041737,202352620
International shipping,,1960,2.3810043276102797,223505120
International shipping,,1961,2.603319712485223,245103650
International shipping,,1962,2.5811328209431665,251590430
International shipping,,1963,2.5578791641110437,262611630
International shipping,,1964,2.6445025858936893,286253280
International shipping,,1965,2.584286055591595,292296960
International shipping,,1966,2.6374679510676495,312871870
International shipping,,1967,2.681733449572295,328171680
International shipping,,1968,2.654908825933916,342620220
International shipping,,1969,2.6353119959171107,362662620
International shipping,,1970,2.4301747590584895,362071680
International shipping,,1971,2.445684741291304,379172300
International shipping,,1972,2.500949061889132,405765700
International shipping,,1973,2.5505460493649723,435763170
International shipping,,1974,2.3746237847751255,403948960
International shipping,,1975,2.136258817404722,364290940
International shipping,,1976,1.9681015960855672,354044000
International shipping,,1977,1.9091971985613474,353175400
International shipping,,1978,1.8713077315867148,356845100
International shipping,,1979,1.8080763231936547,354546050
International shipping,,1980,1.751007892368709,341245600
International shipping,,1981,1.609362109257018,306147420
International shipping,,1982,1.4159762805406124,267210270
International shipping,,1983,1.3158885712778727,249912380
International shipping,,1984,1.2393378015043577,243502620
International shipping,,1985,1.2284125584915262,249513950
International shipping,,1986,1.305711668325504,269171970
International shipping,,1987,1.4607000366612886,310399800
International shipping,,1988,1.4458588404758956,319319700
International shipping,,1989,1.4438362164748326,323226270
International shipping,,1990,1.5911688204290653,361656400
International shipping,,1991,1.4997525515975136,347733920
International shipping,,1992,1.4982086566245543,337518800
International shipping,,1993,1.4671186914746557,333854180
International shipping,,1994,1.5091767879147981,347004000
International shipping,,1995,1.5540467009231127,365699500
International shipping,,1996,1.6537714795098257,401174600
International shipping,,1997,1.7116439138269954,417673660
International shipping,,1998,1.8140697916228596,440887420
International shipping,,1999,1.8442194656330664,458357220
International shipping,,2000,1.81689670061089,463500320
International shipping,,2001,1.7721648333612317,455557820
International shipping,,2002,1.7368233089411111,456382720
International shipping,,2003,1.7153672442104266,474633300
International shipping,,2004,1.8083890667269777,517786980
International shipping,,2005,1.7963992102607214,531992600
International shipping,,2006,1.8584464631159738,569212200
International shipping,,2007,1.9392025367878043,611520400
International shipping,,2008,1.9205232757269743,615992450
International shipping,,2009,1.8862118634129288,594947460
International shipping,,2010,1.888148205017641,629808900
International shipping,,2011,1.8529085673923917,639337540
International shipping,,2012,1.7527295708703765,613455700
International shipping,,2013,1.7441040288157317,615697600
International shipping,,2014,1.7533414340150155,621561200
International shipping,,2015,1.8041583369161593,638760400
International shipping,,2016,1.7855790658426205,632392400
International shipping,,2017,1.794050118991225,645676800
International shipping,,2018,1.7459500475782115,641294900
International shipping,,2019,1.6902895158331608,627169700
International shipping,,2020,1.661647504865129,583679040
International shipping,,2021,1.621727976565326,599905340
International shipping,,2022,1.5960602472270824,595232100
International shipping,,2023,1.5695505173364652,593157760
North America (excl. USA),,1923,4.589220762660296,169374270
North America (excl. USA),,1924,4.040384985636861,149606450
North America (excl. USA),,1925,3.647912472240231,136455040
North America (excl. USA),,1926,3.6318275909838564,133557100
North America (excl. USA),,1927,3.206319534836717,128667920
North America (excl. USA),,1928,3.081101939286425,123130440
North America (excl. USA),,1929,2.939415973797952,126048370
North America (excl. USA),,1930,3.033692035119054,120076440
North America (excl. USA),,1931,2.7367574968105757,96862616
North America (excl. USA),,1932,2.837870723178436,90601620
North America (excl. USA),,1933,2.734902411518178,91966110
North America (excl. USA),,1934,2.860660785913975,104591110
North America (excl. USA),,1935,2.7730083853299203,106365460
North America (excl. USA),,1936,2.734285917466682,115056856
North America (excl. USA),,1937,2.8212630916881887,126864170
North America (excl. USA),,1938,2.819421031882866,119250776
North America (excl. USA),,1939,2.8633531322239603,127995740
North America (excl. USA),,1940,2.9364098480627825,143433740
North America (excl. USA),,1941,3.0673809063291686,153341220
North America (excl. USA),,1942,3.2383175176456076,161349940
North America (excl. USA),,1943,3.316142337246837,168303280
North America (excl. USA),,1944,3.3316580140676875,171996400
North America (excl. USA),,1945,3.844321266377844,164894960
North America (excl. USA),,1946,3.8079059832453748,175489140
North America (excl. USA),,1947,3.591445646463037,185505550
North America (excl. USA),,1948,3.7109898748266157,202170460
North America (excl. USA),,1949,3.6155815214665368,188156130
North America (excl. USA),,1950,3.4302607567227588,203422830
North America (excl. USA),,1951,3.4811664917292755,222148160
North America (excl. USA),,1952,3.3574813737968077,217143780
North America (excl. USA),,1953,3.2936074788786107,219054060
North America (excl. USA),,1954,3.3702695455068223,228825440
North America (excl. USA),,1955,3.1944893556645892,237794460
North America (excl. USA),,1956,3.332537374911414,264137340
North America (excl. USA),,1957,3.268398575503311,267539500
North America (excl. USA),,1958,3.2753374321918236,275691300
North America (excl. USA),,1959,3.19782798836492,283157730
North America (excl. USA),,1960,3.1098992394643217,291926560
North America (excl. USA),,1961,3.1605746751841064,297569440
North America (excl. USA),,1962,3.2376735429980714,315585340
North America (excl. USA),,1963,3.079430712455889,316158140
North America (excl. USA),,1964,3.3006670637870466,357279580
North America (excl. USA),,1965,3.2913266660623637,372267140
North America (excl. USA),,1966,3.245637348710444,385016480
North America (excl. USA),,1967,3.4451948739783522,421598720
North America (excl. USA),,1968,3.4768644132022795,448694900
North America (excl. USA),,1969,3.3896495268800697,466471970
North America (excl. USA),,1970,3.5088429613309207,522782430
North America (excl. USA),,1971,3.5504871767422483,550457860
North America (excl. USA),,1972,3.629599881648883,588883300
North America (excl. USA),,1973,3.5802236039237334,611684540
North America (excl. USA),,1974,3.7027810636511207,629882750
North America (excl. USA),,1975,3.810159856522686,649737150
North America (excl. USA),,1976,3.8170972572932973,686661900
North America (excl. USA),,1977,3.7914421365955255,701365000
North America (excl. USA),,1978,3.8577429791159346,735644200
North America (excl. USA),,1979,3.996784312545241,783730240
North America (excl. USA),,1980,4.163820944969872,811467260
North America (excl. USA),,1981,4.246565987629182,807820200
North America (excl. USA),,1982,4.318373762619489,814924540
North America (excl. USA),,1983,4.067831138875858,772558850
North America (excl. USA),,1984,4.059431466339291,797589000
North America (excl. USA),,1985,3.9912140003628287,810691460
North America (excl. USA),,1986,3.8059681276819246,784598900
North America (excl. USA),,1987,3.8980175000683,828331500
North America (excl. USA),,1988,3.862026074668726,852933200
North America (excl. USA),,1989,3.94615359409062,883410800
North America (excl. USA),,1990,3.818280288396434,867856060
North America (excl. USA),,1991,3.759612514923519,871707000
North America (excl. USA),,1992,3.9356397226404107,886627100
North America (excl. USA),,1993,3.9240600220997996,892950140
North America (excl. USA),,1994,4.0220478636302905,924786750
North America (excl. USA),,1995,3.9254771893579345,923746400
North America (excl. USA),,1996,3.9426089067595864,956404540
North America (excl. USA),,1997,4.090246018324722,998097800
North America (excl. USA),,1998,4.216240677193233,1024705600
North America (excl. USA),,1999,4.221232563431092,1049133500
North America (excl. USA),,2000,4.2656902728815185,1088201000
North America (excl. USA),,2001,4.285041627649367,1101525200
North America (excl. USA),,2002,4.241083898972025,1114423900
North America (excl. USA),,2003,4.207452204705806,1164180400
North America (excl. USA),,2004,4.057379005744148,1161729000
North America (excl. USA),,2005,4.015378510861934,1189129700
North America (excl. USA),,2006,3.9384886537786112,1206295600
North America (excl. USA),,2007,3.911931387497328,1233613200
North America (excl. USA),,2008,3.79244175173721,1216395300
North America (excl. USA),,2009,3.7052793704238414,1168716300
North America (excl. USA),,2010,3.5479296407829377,1183444000
North America (excl. USA),,2011,3.5347611418935805,1219653000
North America (excl. USA),,2012,3.5363116955569236,1237709800
North America (excl. USA),,2013,3.5035175378433965,1236799700
North America (excl. USA),,2014,3.458586522701135,1226072200
North America (excl. USA),,2015,3.467349733382009,1227611600
North America (excl. USA),,2016,3.4284368662192843,1214237700
North America (excl. USA),,2017,3.3502682189907294,1205758100
North America (excl. USA),,2018,3.321522003037691,1220009200
North America (excl. USA),,2019,3.3182538712823035,1231214100
North America (excl. USA),,2020,3.165699919717907,1112000400
North America (excl. USA),,2021,3.1372936485051754,1160539400
North America (excl. USA),,2022,3.1870478063788674,1188572400
North America (excl. USA),,2023,3.207484488913872,1212158700
Oceania,,1923,0.7998647830772846,29520592
Oceania,,1924,0.869097575438716,32180746
Oceania,,1925,0.901477116332706,33720956
Oceania,,1926,0.9207423995095606,33859450
Oceania,,1927,0.8912359280317445,35764830
Oceania,,1928,0.8441112152783811,33733316
Oceania,,1929,0.7415764116123782,31800364
Oceania,,1930,0.7772553468334384,30764512
Oceania,,1931,0.7569248634842294,26789996
Oceania,,1932,0.8328573151336676,26589732
Oceania,,1933,0.8424096605309283,28327570
Oceania,,1934,0.8257644194868521,30191492
Oceania,,1935,0.8631636863665574,33108736
Oceania,,1936,0.8481609302556287,35690024
Oceania,,1937,0.8481128375773288,38137220
Oceania,,1938,0.8970646610176615,37942420
Oceania,,1939,0.949534353980057,42445464
Oceania,,1940,0.8210418592073095,40105132
Oceania,,1941,0.8868646613722917,44335188
Oceania,,1942,0.9457625531591844,47122844
Oceania,,1943,0.9174720469722112,46564212
Oceania,,1944,0.9006589887073033,46496400
Oceania,,1945,1.043972104983574,44779228
Oceania,,1946,1.0474424837599794,48271880
Oceania,,1947,0.9724266628866868,50227836
Oceania,,1948,0.9639523630324516,52515016
Oceania,,1949,1.0313694927335866,53672830
Oceania,,1950,1.0912524486697248,64713932
Oceania,,1951,1.0934728338421105,69779190
Oceania,,1952,1.120989862238587,72499576
Oceania,,1953,1.086592465603007,72268020
Oceania,,1954,1.1459524214081271,77804776
Oceania,,1955,1.1075598297007443,82445600
Oceania,,1956,1.094233277530198,86729070
Oceania,,1957,1.066019128516162,87260540
Oceania,,1958,1.0606171444923493,89274136
Oceania,,1959,1.0662930985771475,94416940
Oceania,,1960,1.068484442405058,100298744
Oceania,,1961,1.0640697479663708,100182616
Oceania,,1962,1.059720797172166,103294030
Oceania,,1963,1.0670315517428364,109549700
Oceania,,1964,1.0967537923808408,118717740
Oceania,,1965,1.1447493080519804,129477440
Oceania,,1966,1.115095429783415,132279140
Oceania,,1967,1.1326947686650606,138611220
Oceania,,1968,1.1269314369299892,145432300
Oceania,,1969,1.1170080795681203,153718830
Oceania,,1970,1.1156056535894585,166214060
Oceania,,1971,1.1006523367326528,170642140
Oceania,,1972,1.0725738528170328,174019410
Oceania,,1973,1.1332670976670036,193619740
Oceania,,1974,1.121218173844079,190731230
Oceania,,1975,1.1541810860050796,196819650
Oceania,,1976,1.079573356460923,194205660
Oceania,,1977,1.1220930758146919,207571890
Oceania,,1978,1.121419931620842,213846820
Oceania,,1979,1.0911310136388397,213960100
Oceania,,1980,1.1667794624479413,227388100
Oceania,,1981,1.2395140172673147,235791570
Oceania,,1982,1.2786515199407935,241295580
Oceania,,1983,1.2142187578082586,230603340
Oceania,,1984,1.23056837211591,241779620
Oceania,,1985,1.2400707480977904,251881950
Oceania,,1986,1.224175890373342,252363400
Oceania,,1987,1.2439876348932823,264348260
Oceania,,1988,1.2305876803599947,271776800
Oceania,,1989,1.2862145906500266,287940100
Oceania,,1990,1.361688015764792,309497760
Oceania,,1991,1.3440083711169704,311622940
Oceania,,1992,1.4145019428089385,318661220
Oceania,,1993,1.419048029911462,322915330
Oceania,,1994,1.4267207114302278,328044930
Oceania,,1995,1.4428444573348764,339531300
Oceania,,1996,1.434711621173819,348034700
Oceania,,1997,1.4691348197436511,358496830
Oceania,,1998,1.52977526037194,371793120
Oceania,,1999,1.5392515689546022,382561340
Oceania,,2000,1.529092426036998,390079870
Oceania,,2001,1.5574303019515998,400357540
Oceania,,2002,1.544925532787735,405958000
Oceania,,2003,1.5024312325471845,415715000
Oceania,,2004,1.5002834408558847,429568640
Oceania,,2005,1.4673716244480626,434553100
Oceania,,2006,1.4389958915353769,440741250
Oceania,,2007,1.4227755315130537,448667040
Oceania,,2008,1.4144753400544976,453681630
Oceania,,2009,1.4360730180024208,452965020
Oceania,,2010,1.3541290977926448,451682000
Oceania,,2011,1.3053346215565438,450399680
Oceania,,2012,1.295637203233391,453473280
Oceania,,2013,1.2640782157262067,446240540
Oceania,,2014,1.2492472386132354,442859330
Oceania,,2015,1.2768824059520387,452078900
Oceania,,2016,1.3005410692036912,460608160
Oceania,,2017,1.293056639642183,465369760
Oceania,,2018,1.275846876524812,468624000
Oceania,,2019,1.2668387610420573,470051360
Oceania,,2020,1.2801352521346117,449667040
Oceania,,2021,1.188539959136944,439661570
Oceania,,2022,1.1611261804703956,433028500
Oceania,,2023,1.1386207989831527,430302660
South America,,1923,0.5393102076155188,19904310
South America,,1924,0.6734815336305283,24937520
South America,,1925,0.7075130782455863,26465472
South America,,1926,0.7479781352727074,27506204
South America,,1927,0.7515408539437682,30158940
South America,,1928,0.790901953518948,31606908
South America,,1929,0.8109067627419682,34773396
South America,,1930,0.7478834460518672,29601944
South America,,1931,0.7632798123294848,27014918
South America,,1932,0.9529680771393944,30424378
South America,,1933,1.0221494469306007,34371650
South America,,1934,1.0513495939881443,38439308
South America,,1935,1.081005527717836,41464588
South America,,1936,0.9718998032543635,40896870
South America,,1937,1.137041156155624,51129504
South America,,1938,1.1263287938243791,47639420
South America,,1939,1.041849246924427,46572064
South America,,1940,1.0422935381494727,50912532
South America,,1941,1.030311526535387,51506230
South America,,1942,0.9711429840187769,48387430
South America,,1943,0.966137881328987,49034136
South America,,1944,1.04762142218532,54083316
South America,,1945,1.276561349843412,54755708
South America,,1946,1.2506160618413384,57635230
South America,,1947,1.2177433665014603,62898948
South America,,1948,1.2862430146239983,70073040
South America,,1949,1.3687938143906355,71232510
South America,,1950,1.9124596139862557,113413520
South America,,1951,2.057171532458737,131276936
South America,,1952,2.187334597123461,141465000
South America,,1953,2.1144906409507973,140632350
South America,,1954,2.2246234192618046,151041460
South America,,1955,2.2846335284397354,170065740
South America,,1956,2.323585816480345,184167710
South America,,1957,2.3566048038883523,192903300
South America,,1958,2.1234705228237303,178736500
South America,,1959,2.2245187291985604,196974220
South America,,1960,2.1214479898386576,199140540
South America,,1961,2.1429155103975552,201756400
South America,,1962,2.212204942556799,215629970
South America,,1963,2.1367884001152175,219379200
South America,,1964,2.1261795513650523,230147580
South America,,1965,2.122732097968978,240092670
South America,,1966,2.124236800624124,251989390
South America,,1967,2.1845355692502393,267328100
South America,,1968,2.2286047591783227,287605000
South America,,1969,2.2616116715595913,311235260
South America,,1970,2.2674420666597275,337826140
South America,,1971,2.2351990383494607,346539170
South America,,1972,2.234629094441988,362556700
South America,,1973,2.2983041127234674,392667400
South America,,1974,2.4485833215681625,416530270
South America,,1975,2.4140244658278642,411657630
South America,,1976,2.3310153412030736,419328960
South America,,1977,2.3504889744050175,434808350
South America,,1978,2.423321149223064,462110140
South America,,1979,2.520963092366902,494336160
South America,,1980,2.6084779436748713,508353860
South America,,1981,2.5743653676342766,489719070
South America,,1982,2.6011715527166923,490869630
South America,,1983,2.5581227306666987,485836380
South America,,1984,2.5013643002871273,491463070
South America,,1985,2.470486073283501,501802700
South America,,1986,2.5697772748403804,529758620
South America,,1987,2.6223530774168435,557251900
South America,,1988,2.627410343347618,580266800
South America,,1989,2.5897520209550398,579758200
South America,,1990,2.6319310020165316,598211000
South America,,1991,2.6135187013778656,605972700
South America,,1992,2.743288751860094,618012400
South America,,1993,2.868044681604887,652645700
South America,,1994,2.8508612387092693,655496600
South America,,1995,2.9298297656543197,689449860
South America,,1996,2.967020900040789,719744800
South America,,1997,3.142447335330372,766816900
South America,,1998,3.2546535950797177,791003650
South America,,1999,3.271076772252042,812984400
South America,,2000,3.184696438379213,812433540
South America,,2001,3.0809681977375827,792002600
South America,,2002,3.1204083635361433,819945500
South America,,2003,2.965489489433787,820535700
South America,,2004,2.9926095601857443,856858900
South America,,2005,2.9765843997210437,881497200
South America,,2006,2.968182294188522,909106400
South America,,2007,2.9931875369822762,943890700
South America,,2008,3.07941891768456,987698940
South America,,2009,3.047532181998139,961250200
South America,,2010,3.2144915170048702,1072222700
South America,,2011,3.1561538405831184,1089016300
South America,,2012,3.2683884199314104,1143936600
South America,,2013,3.4230283953247795,1208385700
South America,,2014,3.4534344913402895,1224245800
South America,,2015,3.375632194856593,1195139100
South America,,2016,3.2362563862204645,1146173800
South America,,2017,3.1398711211002404,1130036400
South America,,2018,2.934105865172942,1077709600
South America,,2019,2.9231827021333374,1084625800
South America,,2020,2.788323288047755,979441100
South America,,2021,2.918844320022975,1079731200
South America,,2022,2.939233131020082,1096152800
South America,,2023,2.9344243754950337,1108965000
United States,USA,1923,51.392338243365785,1896735900
United States,USA,1924,45.86612302425658,1698320300
United States,USA,1925,47.00234461081047,1758185500
United States,USA,1926,51.83131059339708,1906048500
United States,USA,1927,46.42072178690385,1862839200
United States,USA,1928,45.81637012151966,1830965000
United States,USA,1929,45.788465879656485,1963506200
United States,USA,1930,44.084737837749074,1744916200
United States,USA,1931,41.956051954885105,1484959100
United States,USA,1932,39.39790270406901,1257814100
United States,USA,1933,40.113107025630676,1348876800
United States,USA,1934,39.28241551539119,1436238600
United States,USA,1935,38.90565949983287,1492320900
United States,USA,1936,40.7186294238098,1713411700
United States,USA,1937,39.864873972413605,1792609900
United States,USA,1938,35.83655629322153,1515749900
United States,USA,1939,37.379643736869,1670920400
United States,USA,1940,38.38514363922311,1874985100
United States,USA,1941,40.87911658366025,2043585000
United States,USA,1942,44.11950453941116,2198264800
United States,USA,1943,44.76722838816299,2272059100
United States,USA,1944,47.35903196653384,2444903700
United States,USA,1945,55.01001371153941,2359551500
United States,USA,1946,48.98493518265197,2257493800
United States,USA,1947,48.1269230045438,2485854500
United States,USA,1948,47.40479487876413,2582558700
United States,USA,1949,41.599685148931336,2164862200
United States,USA,1950,42.8563366677072,2541485300
United States,USA,1951,41.03644645727769,2618711600
United States,USA,1952,39.447005812080846,2551219500
United States,USA,1953,39.287570455325806,2612971300
United States,USA,1954,36.666198366656126,2489462300
United States,USA,1955,36.65435494503572,2728512000
United States,USA,1956,36.083653411364594,2859995000
United States,USA,1957,34.643235181840026,2835772200
United States,USA,1958,32.636881731627525,2747107600
United States,USA,1959,31.982186288398154,2831923200
United States,USA,1960,30.865152232083886,2897315000
United States,USA,1961,30.662345777704296,2886872800
United States,USA,1962,30.715233146536566,2993902000
United States,USA,1963,30.452487914916574,3126487600
United States,USA,1964,30.156809928493878,3264313600
United States,USA,1965,30.0564258602903,3399547000
United States,USA,1966,30.106603966208777,3571421400
United States,USA,1967,30.280061673163285,3705461000
United States,USA,1968,29.762666505037462,3840919600
United States,USA,1969,29.321650383564062,4035145200
United States,USA,1970,29.127368866406506,4339686000
United States,USA,1971,28.157518729984343,4365465000
United States,USA,1972,28.18591510878058,4573015000
United States,USA,1973,28.009411128519233,4785434000
United States,USA,1974,27.167123977275928,4621419000
United States,USA,1975,26.262991053394146,4478563000
United States,USA,1976,26.394362352510075,4748111400
United States,USA,1977,26.43413199632765,4889953300
United States,USA,1978,25.914484881636994,4941708300
United States,USA,1979,25.544139224433618,5008955400
United States,USA,1980,24.675432096516687,4808877600
United States,USA,1981,24.63736784071401,4686743000
United States,USA,1982,23.568326686264676,4447602000
United States,USA,1983,23.324198981114407,4429711000
United States,USA,1984,23.730330406549424,4662488000
United States,USA,1985,22.90744654991212,4652938000
United States,USA,1986,22.622942018806803,4663711000
United States,USA,1987,22.710571745915573,4826012700
United States,USA,1988,22.869958897674717,5050858500
United States,USA,1989,22.926825186370202,5132543500
United States,USA,1990,22.530520983889584,5120957000
United States,USA,1991,21.83618419940803,5062956500
United States,USA,1992,22.967824108893566,5174227500
United States,USA,1993,23.171485764202846,5272850400
United States,USA,1994,23.330122429285662,5364279300
United States,USA,1995,23.054739280821483,5425259500
United States,USA,1996,23.1385317025891,5612983000
United States,USA,1997,23.31024213683211,5688142300
United States,USA,1998,23.59008535327522,5733281000
United States,USA,1999,23.35230707730127,5803918000
United States,USA,2000,23.559413166886383,6010135600
United States,USA,2001,22.981689489548327,5907739600
United States,USA,2002,22.62944209750755,5946308000
United States,USA,2003,21.72120325431285,6010145300
United States,USA,2004,21.348660545064295,6112655000
United States,USA,2005,20.70677054224856,6132183000
United States,USA,2006,19.761686220097832,6052686000
United States,USA,2007,19.43933525753395,6130123000
United States,USA,2008,18.441984069748834,5915118600
United States,USA,2009,17.376004022623704,5480725500
United States,USA,2010,17.027616232012967,5679715300
United States,USA,2011,16.073584310647583,5546116000
United States,USA,2012,15.26880842654879,5344086000
United States,USA,2013,15.52379508871161,5480156700
United States,USA,2014,15.595673399098223,5528681000
United States,USA,2015,15.185676172403038,5376473000
United States,USA,2016,14.831812358109946,5252932000
United States,USA,2017,14.48229184679013,5212162000
United States,USA,2018,14.641259314577368,5377797000
United States,USA,2019,14.18204438813592,5262145000
United States,USA,2020,13.421845424785637,4714628000
United States,USA,2021,13.603613873708358,5032213000
United States,USA,2022,13.618526460341199,5078871000
United States,USA,2023,12.99599668879264,4911391000